<?xml version="1.0" encoding="utf-8"?>
<Configuration xmlns:xsd="http://www.w3.org/2001/XMLSchema" xmlns:xsi="http://www.w3.org/2001/XMLSchema-instance">
	<Meta>
		<PreferUserConfiguration>false</PreferUserConfiguration>
		<OmitItemsWithDefaultValues>true</OmitItemsWithDefaultValues>
		<DpiFactorX>1</DpiFactorX>
		<DpiFactorY>1</DpiFactorY>
	</Meta>
	<Application>
		<LanguageFile>SimpChinese.lngx</LanguageFile>
		<LastUpdateCheck>2020-12-05T03:04:17Z</LastUpdateCheck>
		<LastUsedFile>
			<Path>..\..\..\..\..\和彩云同步文件夹\15850792061\_Database\watchern.kdbx</Path>
			<CredProtMode>Obf</CredProtMode>
			<CredSaveMode>NoSave</CredSaveMode>
		</LastUsedFile>
		<MostRecentlyUsed>
			<MaxItemCount>12</MaxItemCount>
			<Items>
				<ConnectionInfo>
					<Path>..\..\..\..\..\和彩云同步文件夹\15850792061\_Database\watchern.kdbx</Path>
					<CredProtMode>Obf</CredProtMode>
					<CredSaveMode>NoSave</CredSaveMode>
				</ConnectionInfo>
				<ConnectionInfo>
					<Path>..\Database\watchern.kdbx</Path>
					<CredProtMode>Obf</CredProtMode>
					<CredSaveMode>NoSave</CredSaveMode>
				</ConnectionInfo>
				<ConnectionInfo>
					<Path>Database\watchern.kdbx</Path>
					<CredProtMode>Obf</CredProtMode>
					<CredSaveMode>NoSave</CredSaveMode>
				</ConnectionInfo>
			</Items>
		</MostRecentlyUsed>
		<WorkingDirectories>
			<Item>Database@..\..\..\..\..\和彩云同步文件夹\15850792061\_Database</Item>
		</WorkingDirectories>
		<Start>
			<CheckForUpdate>true</CheckForUpdate>
			<CheckForUpdateConfigured>true</CheckForUpdateConfigured>
		</Start>
		<FileOpening />
		<FileClosing>
			<AutoSave>true</AutoSave>
		</FileClosing>
		<TriggerSystem>
			<Triggers />
		</TriggerSystem>
		<PluginCompatibility>
			<Item>@EolnFpKbO77KE9yCSafkqvYA6ZV9GZL0eI9awdRGn8c=@2.46.0.18879@1</Item>
			<Item>@HUCTCm4lsg0uF6l+wpW9EW2P+FbwtLomyhtXKFEepLY=@2.46.0.18879@1</Item>
		</PluginCompatibility>
	</Application>
	<Logging />
	<MainWindow>
		<X>306</X>
		<Y>197</Y>
		<Width>670</Width>
		<Height>487</Height>
		<SplitterHorizontalFrac>0.8333</SplitterHorizontalFrac>
		<SplitterVerticalFrac>0.25</SplitterVerticalFrac>
		<ToolBar />
		<EntryView />
		<TanView />
		<EntryListColumnCollection>
			<Column>
				<Type>Title</Type>
				<Width>183</Width>
			</Column>
			<Column>
				<Type>UserName</Type>
				<Width>90</Width>
			</Column>
			<Column>
				<Type>Password</Type>
				<Width>90</Width>
				<HideWithAsterisks>true</HideWithAsterisks>
			</Column>
			<Column>
				<Type>Url</Type>
				<Width>90</Width>
			</Column>
			<Column>
				<Type>Notes</Type>
				<Width>90</Width>
			</Column>
		</EntryListColumnCollection>
		<EntryListColumnDisplayOrder>0 1 2 3 4</EntryListColumnDisplayOrder>
		<ListSorting>
			<Order>Ascending</Order>
		</ListSorting>
	</MainWindow>
	<UI>
		<TrayIcon />
		<Hiding>
			<HideInEntryWindow>false</HideInEntryWindow>
		</Hiding>
		<StandardFont>
			<Family>Microsoft Sans Serif</Family>
			<Size>8.25</Size>
			<GraphicsUnit>Point</GraphicsUnit>
			<Style>Regular</Style>
			<OverrideUIDefault>false</OverrideUIDefault>
		</StandardFont>
		<PasswordFont>
			<Family>Courier New</Family>
			<Size>8.25</Size>
			<GraphicsUnit>Point</GraphicsUnit>
			<Style>Regular</Style>
			<OverrideUIDefault>false</OverrideUIDefault>
		</PasswordFont>
		<BannerStyle>WinVistaBlack</BannerStyle>
		<DataEditorFont>
			<Family>Microsoft Sans Serif</Family>
			<Size>8.25</Size>
			<GraphicsUnit>Point</GraphicsUnit>
			<Style>Regular</Style>
			<OverrideUIDefault>false</OverrideUIDefault>
		</DataEditorFont>
		<UIFlags>0</UIFlags>
		<KeyCreationFlags>0</KeyCreationFlags>
		<KeyPromptFlags>0</KeyPromptFlags>
	</UI>
	<Security>
		<WorkspaceLocking>
			<LockAfterTime>0</LockAfterTime>
			<LockAfterGlobalTime>0</LockAfterGlobalTime>
		</WorkspaceLocking>
		<Policy />
		<MasterPassword>
			<MinimumLength>0</MinimumLength>
			<MinimumQuality>0</MinimumQuality>
		</MasterPassword>
	</Security>
	<Native />
	<PasswordGenerator>
		<AutoGeneratedPasswordsProfile>
			<GeneratorType>CharSet</GeneratorType>
			<Length>20</Length>
			<CharSetRanges>ULD_______</CharSetRanges>
		</AutoGeneratedPasswordsProfile>
		<LastUsedProfile>
			<GeneratorType>CharSet</GeneratorType>
			<Length>20</Length>
			<CharSetRanges>ULD_______</CharSetRanges>
		</LastUsedProfile>
		<UserProfiles />
	</PasswordGenerator>
	<Defaults>
		<OptionsTabIndex>4</OptionsTabIndex>
		<SearchParameters>
			<ComparisonMode>InvariantCultureIgnoreCase</ComparisonMode>
		</SearchParameters>
		<KeySources>
			<Association>
				<DatabasePath>Database\watchern.kdbx</DatabasePath>
				<Password>true</Password>
			</Association>
			<Association>
				<DatabasePath>..\Database\watchern.kdbx</DatabasePath>
				<Password>true</Password>
			</Association>
			<Association>
				<DatabasePath>..\..\..\..\..\和彩云同步文件夹\15850792061\_Database\watchern.kdbx</DatabasePath>
				<Password>true</Password>
			</Association>
		</KeySources>
	</Defaults>
	<Integration>
		<UrlSchemeOverrides>
			<BuiltInOverridesEnabled>1</BuiltInOverridesEnabled>
			<CustomOverrides />
		</UrlSchemeOverrides>
		<AutoTypeAbortOnWindows />
	</Integration>
	<Custom>
		<Item>
			<Key>KeePassHttp_ReceiveCredentialNotification</Key>
			<Value>true</Value>
		</Item>
		<Item>
			<Key>KeePassHttp_SpecificMatchingOnly</Key>
			<Value>false</Value>
		</Item>
		<Item>
			<Key>KeePassHttp_UnlockDatabaseRequest</Key>
			<Value>false</Value>
		</Item>
		<Item>
			<Key>KeePassHttp_AlwaysAllowAccess</Key>
			<Value>true</Value>
		</Item>
		<Item>
			<Key>KeePassHttp_AlwaysAllowUpdates</Key>
			<Value>true</Value>
		</Item>
		<Item>
			<Key>KeePassHttp_SearchInAllOpenedDatabases</Key>
			<Value>true</Value>
		</Item>
		<Item>
			<Key>KeePassHttp_HideExpired</Key>
			<Value>false</Value>
		</Item>
		<Item>
			<Key>KeePassHttp_MatchSchemes</Key>
			<Value>false</Value>
		</Item>
		<Item>
			<Key>KeePassHttp_ReturnStringFields</Key>
			<Value>false</Value>
		</Item>
		<Item>
			<Key>KeePassHttp_ReturnStringFieldsWithKphOnly</Key>
			<Value>true</Value>
		</Item>
		<Item>
			<Key>KeePassHttp_SortResultByUsername</Key>
			<Value>true</Value>
		</Item>
		<Item>
			<Key>KeePassNatMsg_OverrideKeePassXcVersion</Key>
			<Value />
		</Item>
		<Item>
			<Key>KeePassHttp_SearchUrls</Key>
			<Value>false</Value>
		</Item>
		<Item>
			<Key>KeePassHttp_ListenerPort</Key>
			<Value>19455</Value>
		</Item>
		<Item>
			<Key>KeePassHttp_ListenerHost</Key>
			<Value>localhost</Value>
		</Item>
	</Custom>
</Configuration>